{"1A": [35.757572174072266, 36.55018997192383, 37.506961822509766, 37.77052307128906, 37.15237808227539, 37.06549835205078, 36.61870193481445, 35.766483306884766, 36.05592346191406, 34.64573287963867, 34.612056732177734, 33.17780685424805, 33.19866180419922, 31.900083541870117, 31.321819305419922, 31.058300018310547, 30.24199676513672, 30.128450393676758, 30.323101043701172, 31.059968948364258, 31.033464431762695, 32.550437927246094, 34.70084762573242, 35.81672668457031], "1B": [105.05545043945312, 106.88025665283203, 104.9634017944336, 105.28436279296875, 104.4720687866211, 104.2905502319336, 103.86056518554688, 102.95536804199219, 101.21267700195312, 100.73493957519531, 99.16070556640625, 97.41931915283203, 96.8207778930664, 95.7367935180664, 94.7775650024414, 94.11070251464844, 93.93275451660156, 93.02455139160156, 93.20409393310547, 93.69845581054688, 95.82361602783203, 98.42662048339844, 100.18519592285156, 102.42566680908203], "1C": [13.684471130371094, 17.010000228881836, 19.04460906982422, 19.018373489379883, 19.805124282836914, 19.054899215698242, 18.107994079589844, 17.83350372314453, 16.448802947998047, 15.982156753540039, 14.770870208740234, 14.305859565734863, 13.137160301208496, 12.9698486328125, 12.057308197021484, 12.060638427734375, 11.178853988647461, 10.605670928955078, 10.879552841186523, 11.147146224975586, 11.88027572631836, 13.484570503234863, 15.176840782165527, 16.605520248413086], "1D": [9.589089393615723, 9.355528831481934, 9.259923934936523, 9.13204288482666, 9.166805267333984, 9.105522155761719, 9.08587646484375, 8.986259460449219, 8.902717590332031, 8.856449127197266, 8.763708114624023, 8.70367431640625, 8.60986614227295, 8.560576438903809, 8.476360321044922, 8.425201416015625, 8.391849517822266, 8.35515022277832, 8.370818138122559, 8.390030860900879, 8.44668960571289, 8.587557792663574, 8.697970390319824, 8.86043930053711], "1E": [13.382590293884277, 13.094931602478027, 13.172329902648926, 13.340919494628906, 13.107804298400879, 13.033884048461914, 13.505890846252441, 13.041496276855469, 13.163132667541504, 13.32094955444336, 12.90329360961914, 12.850375175476074, 12.57358169555664, 12.555768013000488, 12.500271797180176, 12.378862380981445, 12.549450874328613, 12.227150917053223, 12.240588188171387, 12.474903106689453, 12.699664115905762, 12.889204978942871, 13.111699104309082, 12.956151962280273], "2A": [144.35719299316406, 147.28363037109375, 146.80612182617188, 145.11376953125, 143.4145965576172, 139.32138061523438, 134.8979949951172, 129.3092803955078, 127.16556549072266, 124.70033264160156, 123.5659408569336, 122.11308288574219, 122.114013671875, 120.912109375, 120.34008026123047, 120.57312774658203, 121.30322265625, 122.61376190185547, 123.5844497680664, 124.07726287841797, 125.6045150756836, 128.54852294921875, 132.11256408691406, 134.6187286376953], "2B": [16.59673500061035, 20.50506019592285, 24.149147033691406, 27.90945816040039, 30.311254501342773, 30.984540939331055, 31.726451873779297, 32.06096267700195, 32.14470291137695, 32.2490234375, 31.634428024291992, 31.222890853881836, 30.350191116333008, 29.624923706054688, 28.70563316345215, 28.245101928710938, 27.98784637451172, 27.876792907714844, 27.82227325439453, 28.028091430664062, 29.5188045501709, 30.338701248168945, 31.868051528930664, 33.0025749206543], "2C": [75.56226348876953, 75.12884521484375, 78.13710021972656, 77.9424057006836, 79.31797790527344, 77.39002990722656, 77.35460662841797, 75.72245025634766, 74.86996459960938, 75.22526550292969, 73.60375213623047, 72.04550170898438, 69.37149810791016, 68.39695739746094, 67.90071868896484, 66.36779022216797, 64.75277709960938, 63.566532135009766, 64.88259887695312, 65.425537109375, 66.63999938964844, 70.06148529052734, 72.9674301147461, 74.88724517822266], "2D": [40.64423751831055, 45.06110382080078, 48.46696472167969, 49.815162658691406, 50.6314697265625, 49.74883270263672, 49.79874038696289, 48.538856506347656, 49.026885986328125, 48.30327606201172, 47.705909729003906, 47.341064453125, 46.33027648925781, 45.5880012512207, 45.13859558105469, 44.57809066772461, 43.724491119384766, 42.551639556884766, 42.990150451660156, 42.802433013916016, 43.690433502197266, 44.851375579833984, 45.68962097167969, 47.25248718261719], "2E": [52.54692840576172, 50.98892593383789, 48.806922912597656, 51.844730377197266, 51.095035552978516, 50.622840881347656, 50.053955078125, 49.68687438964844, 50.907859802246094, 50.439170837402344, 49.25800323486328, 48.947914123535156, 46.851531982421875, 45.1543083190918, 44.340660095214844, 44.515926361083984, 44.30941390991211, 43.607364654541016, 42.673614501953125, 44.81169128417969, 44.163028717041016, 44.79655456542969, 45.20600128173828, 47.550048828125]}